Users,Messages
omermitran,test
onward.inc,this is a test
omermitran,test
onward.inc,this is a test
omermitran,test
onward.inc,this is a test
omermitran,test
onward.inc,this is a test
omermitran,test
onward.inc,this is a test
omermitran,test
onward.inc,this is a test
omermitran,test
onward.inc,this is a test
omermitran,test
onward.inc,this is a test
omermitran,test
onward.inc,this is a test
omermitran,test
onward.inc,this is a test
omermitran,test
onward.inc,this is a test
omermitran,test
onward.inc,this is a test
omermitran,test
onward.inc,this is a test
omermitran,test
onward.inc,this is a test
omermitran,test
onward.inc,this is a test
omermitran,test
onward.inc,this is a test
omermitran,test
onward.inc,this is a test
omermitran,test
onward.inc,this is a test
omermitran,test
onward.inc,this is a test
omermitran,test
onward.inc,this is a test
omermitran,test
onward.inc,this is a test
omermitran,test
onward.inc,this is a test
omermitran,test
onward.inc,this is a test
omermitran,test
onward.inc,this is a test
omermitran,test
onward.inc,this is a test
omermitran,test
onward.inc,this is a test
omermitran,test
onward.inc,this is a test
omermitran,test
onward.inc,this is a test
omermitran,test
onward.inc,this is a test
omermitran,test
onward.inc,this is a test
omermitran,test
onward.inc,this is a test
omermitran,test
onward.inc,this is a test
omermitran,test
onward.inc,this is a test
omermitran,test
onward.inc,this is a test
omermitran,test
onward.inc,this is a test

